sensor_strategy,drone_strategy,layout,scenario,delta_t,device,execution_time,fire_size_cells,fire_percentage,map_explored,total_distance
SensorPlacementMaxCoverageGaussianTime,RandomDroneRoutingStrategy,0337,01635,6,drone,5.261837572291277e-06,323,0.1762427020243356,0.6689583674360233,88379
SensorPlacementMaxCoverageGaussianTime,RandomDroneRoutingStrategy,0111,02481,3,drone,4.689048107405354e-06,10,0.002913523702972,0.2024898973565599,43069
SensorPlacementMaxCoverageGaussianTime,RandomDroneRoutingStrategy,0111,01031,0,drone,5.212484621534161e-06,1,0.0002913523702972,0.048947198209931,7907
SensorPlacementMaxCoverageGaussianTime,RandomDroneRoutingStrategy,0111,02640,0,drone,4.843661659642269e-06,1,0.0002913523702972,0.1768508887704055,33090
SensorPlacementMaxCoverageGaussianTime,RandomDroneRoutingStrategy,0111,01235,3,drone,4.753470420837402e-06,10,0.002913523702972,0.192875269136752,34606
SensorPlacementMaxCoverageGaussianTime,RandomDroneRoutingStrategy,0111,00340,9,drone,4.7623157949797525e-06,4,0.0011654094811888,0.3117470362180131,83788
SensorPlacementMaxCoverageGaussianTime,RandomDroneRoutingStrategy,0111,02870,1,drone,4.781114644017713e-06,5,0.001456761851486,0.2228845632773645,45888
SensorPlacementMaxCoverageGaussianTime,RandomDroneRoutingStrategy,0111,02410,16,drone,5.08108131807803e-06,428,0.1246988144872052,0.4227522893012496,102457
SensorPlacementMaxCoverageGaussianTime,RandomDroneRoutingStrategy,0111,01098,0,drone,4.3600797653198246e-06,9,0.0026221713326748,0.2024898973565599,37864
SensorPlacementMaxCoverageGaussianTime,RandomDroneRoutingStrategy,0111,02877,0,drone,4.5917835473024996e-06,1,0.0002913523702972,0.1876309264714023,38344
SensorPlacementMaxCoverageGaussianTime,RandomDroneRoutingStrategy,0111,02270,1,drone,4.778383910812418e-06,13,0.0037875808138637,0.171897898475353,30545
SensorPlacementMaxCoverageGaussianTime,RandomDroneRoutingStrategy,0111,01233,16,drone,4.663367902492835e-06,1245,0.3627337010200246,0.4740303064735582,143156
SensorPlacementMaxCoverageGaussianTime,RandomDroneRoutingStrategy,0111,02641,6,drone,4.841666339564239e-06,6,0.0017481142217832,0.3647731676121051,89790
SensorPlacementMaxCoverageGaussianTime,RandomDroneRoutingStrategy,0111,01030,7,drone,4.698296775774074e-06,21,0.0061183997762413,0.3006756461467192,68331
SensorPlacementMaxCoverageGaussianTime,RandomDroneRoutingStrategy,0111,02480,2,drone,4.941253300526696e-06,9,0.0026221713326748,0.0920673490139179,16261
SensorPlacementMaxCoverageGaussianTime,RandomDroneRoutingStrategy,0111,02878,3,drone,4.60462097389378e-06,3,0.0008740571108916,0.2852339705209671,64667
SensorPlacementMaxCoverageGaussianTime,RandomDroneRoutingStrategy,0111,01099,6,drone,4.56747175462728e-06,62,0.0180638469584269,0.4137203658220362,86670
SensorPlacementMaxCoverageGaussianTime,RandomDroneRoutingStrategy,0111,00341,3,drone,5.332366475519144e-06,2,0.0005827047405944,0.1800557648436749,34166
SensorPlacementMaxCoverageGaussianTime,RandomDroneRoutingStrategy,0111,02885,3,drone,4.618810111746137e-06,8,0.0023308189623776,0.1194544718218555,22532
SensorPlacementMaxCoverageGaussianTime,RandomDroneRoutingStrategy,0111,02871,3,drone,4.901739829344767e-06,8,0.0023308189623776,0.184426050398133,42090
SensorPlacementMaxCoverageGaussianTime,RandomDroneRoutingStrategy,0111,00802,31,drone,5.5595102322037366e-06,1291,0.3761359100536962,0.7024505647865698,190039
SensorPlacementMaxCoverageGaussianTime,RandomDroneRoutingStrategy,0111,01127,26,drone,5.053261579093286e-06,1515,0.4413988410002709,0.5078271814280345,161158
SensorPlacementMaxCoverageGaussianTime,RandomDroneRoutingStrategy,0111,02506,10,drone,6.9000332214443545e-06,153,0.0445769126554729,0.254350619269463,54829
SensorPlacementMaxCoverageGaussianTime,RandomDroneRoutingStrategy,0111,01946,4,drone,5.333296215261212e-06,2,0.0005827047405944,0.219388334833798,51402
SensorPlacementMaxCoverageGaussianTime,RandomDroneRoutingStrategy,0111,01526,1,drone,4.633280477018647e-06,3,0.0008740571108916,0.2450273434199524,48022
SensorPlacementMaxCoverageGaussianTime,RandomDroneRoutingStrategy,0111,02992,0,drone,7.260244575131781e-06,1,0.0002913523702972,0.2371608294219277,44022
SensorPlacementMaxCoverageGaussianTime,RandomDroneRoutingStrategy,0111,03088,9,drone,4.845171903086974e-06,60,0.0174811422178325,0.350788253837839,87375
SensorPlacementMaxCoverageGaussianTime,RandomDroneRoutingStrategy,0111,01722,13,drone,5.3341067493301185e-06,407,0.1185804147109638,0.3749705005725074,82208
SensorPlacementMaxCoverageGaussianTime,RandomDroneRoutingStrategy,0111,00803,3,drone,5.352247831712936e-06,46,0.0134022090336715,0.2526025050476798,63648
SensorPlacementMaxCoverageGaussianTime,RandomDroneRoutingStrategy,0111,01126,7,drone,4.4952392578125e-06,190,0.0553569503564696,0.4262485177448161,98291
SensorPlacementMaxCoverageGaussianTime,RandomDroneRoutingStrategy,0111,01724,3,drone,4.696337532658148e-06,25,0.0072838092574302,0.2665874188219458,65823
SensorPlacementMaxCoverageGaussianTime,RandomDroneRoutingStrategy,0111,01712,6,drone,4.745249090523555e-06,20,0.0058270474059441,0.3569066536140804,74632
SensorPlacementMaxCoverageGaussianTime,RandomDroneRoutingStrategy,0111,03277,13,drone,4.546959314319896e-06,680,0.1981196118021018,0.4851016965448522,114746
SensorPlacementMaxCoverageGaussianTime,RandomDroneRoutingStrategy,0111,01730,2,drone,5.356470743815104e-06,8,0.0023308189623776,0.1643227368476256,32246
SensorPlacementMaxCoverageGaussianTime,RandomDroneRoutingStrategy,0111,02183,2,drone,4.588783561409294e-06,10,0.002913523702972,0.1363529092990936,23480
SensorPlacementMaxCoverageGaussianTime,RandomDroneRoutingStrategy,0111,00412,1,drone,4.6099241250734715e-06,1,0.0002913523702972,0.227837553572417,50691
SensorPlacementMaxCoverageGaussianTime,RandomDroneRoutingStrategy,0111,03297,8,drone,4.861683681093413e-06,20,0.0058270474059441,0.3991527473071757,91652
SensorPlacementMaxCoverageGaussianTime,RandomDroneRoutingStrategy,0111,01309,0,drone,4.390346686649685e-06,1,0.0002913523702972,0.1212025860436387,21290
SensorPlacementMaxCoverageGaussianTime,RandomDroneRoutingStrategy,0111,02540,11,drone,4.7840845815326714e-06,82,0.0238908943643711,0.3976959854556897,88748
SensorPlacementMaxCoverageGaussianTime,RandomDroneRoutingStrategy,0111,01755,0,drone,4.462594908427417e-06,1,0.0002913523702972,0.1637400321070312,39309
SensorPlacementMaxCoverageGaussianTime,RandomDroneRoutingStrategy,0111,00013,1,drone,4.699211994200262e-06,10,0.002913523702972,0.1622832702555451,30760
SensorPlacementMaxCoverageGaussianTime,RandomDroneRoutingStrategy,0111,00014,17,drone,4.975942550742431e-06,211,0.061475350132711,0.3816716050893432,100776
SensorPlacementMaxCoverageGaussianTime,RandomDroneRoutingStrategy,0111,00413,45,drone,4.95503572090661e-06,312,0.090901939532729,0.8929950149609442,285140
SensorPlacementMaxCoverageGaussianTime,RandomDroneRoutingStrategy,0111,02972,1,drone,4.613871138547973e-06,6,0.0017481142217832,0.2762020470417537,59414
SensorPlacementMaxCoverageGaussianTime,RandomDroneRoutingStrategy,0111,03298,4,drone,4.6343552438836345e-06,10,0.002913523702972,0.3368033400635731,74739
SensorPlacementMaxCoverageGaussianTime,RandomDroneRoutingStrategy,0111,00471,4,drone,4.997565632774717e-06,17,0.0049529902950525,0.1515032325545484,25659
SensorPlacementMaxCoverageGaussianTime,RandomDroneRoutingStrategy,0111,00829,1,drone,4.882486457498664e-06,2,0.0005827047405944,0.0536088361346863,9360
SensorPlacementMaxCoverageGaussianTime,RandomDroneRoutingStrategy,0111,00015,11,drone,4.789729429428859e-06,138,0.0402066271010147,0.3711829197586437,80522
SensorPlacementMaxCoverageGaussianTime,RandomDroneRoutingStrategy,0111,01308,1,drone,4.482120970730463e-06,1,0.0002913523702972,0.2432792291981691,50346
SensorPlacementMaxCoverageGaussianTime,RandomDroneRoutingStrategy,0111,02296,6,drone,5.215652718031702e-06,31,0.0090319234792134,0.1850087551387274,37940
SensorPlacementMaxCoverageGaussianTime,RandomDroneRoutingStrategy,0111,03182,19,drone,4.875805615893207e-06,989,0.2881474942239392,0.5975637114795748,153394
SensorPlacementMaxCoverageGaussianTime,RandomDroneRoutingStrategy,0111,01619,2,drone,4.479263267941469e-06,6,0.0017481142217832,0.3050459317011774,65163
SensorPlacementMaxCoverageGaussianTime,RandomDroneRoutingStrategy,0111,03343,0,drone,4.764634613706774e-06,1,0.0002913523702972,0.2272548488318226,50154
SensorPlacementMaxCoverageGaussianTime,RandomDroneRoutingStrategy,0111,02059,1,drone,4.648436880982188e-06,3,0.0008740571108916,0.1861741646199162,38290
SensorPlacementMaxCoverageGaussianTime,RandomDroneRoutingStrategy,0111,01617,2,drone,4.507003620984082e-06,4,0.0011654094811888,0.3035891698496913,72499
SensorPlacementMaxCoverageGaussianTime,RandomDroneRoutingStrategy,0111,01041,13,drone,4.952305848644215e-06,40,0.0116540948118883,0.4043970899725254,94904
SensorPlacementMaxCoverageGaussianTime,RandomDroneRoutingStrategy,0111,02664,6,drone,4.669945490987677e-06,60,0.0174811422178325,0.2225932109070673,46856
SensorPlacementMaxCoverageGaussianTime,RandomDroneRoutingStrategy,0111,00765,4,drone,4.568542710212124e-06,12,0.0034962284435665,0.2858166752615615,63722
SensorPlacementMaxCoverageGaussianTime,RandomDroneRoutingStrategy,0111,02663,3,drone,4.7750473022460934e-06,29,0.008449218738619,0.1168323004891806,20502
SensorPlacementMaxCoverageGaussianTime,RandomDroneRoutingStrategy,0111,02467,0,drone,4.503891052987411e-06,1,0.0002913523702972,0.2549333240100574,58255
SensorPlacementMaxCoverageGaussianTime,RandomDroneRoutingStrategy,0111,02058,16,drone,5.121368918207818e-06,239,0.0696332165010328,0.4125549563408472,87193
SensorPlacementMaxCoverageGaussianTime,RandomDroneRoutingStrategy,0111,01286,1,drone,4.395076206752232e-06,1,0.0002913523702972,0.0827440731644072,13431
SensorPlacementMaxCoverageGaussianTime,RandomDroneRoutingStrategy,0111,03342,0,drone,4.512219389608084e-06,1,0.0002913523702972,0.064388873835683,9625
SensorPlacementMaxCoverageGaussianTime,RandomDroneRoutingStrategy,0111,03184,25,drone,4.626334981715426e-06,1375,0.4006095091586618,0.5270564378676502,144101
SensorPlacementMaxCoverageGaussianTime,RandomDroneRoutingStrategy,0111,02466,15,drone,4.8123258452175715e-06,313,0.0911932919030262,0.3644818152418079,84792
SensorPlacementMaxCoverageGaussianTime,RandomDroneRoutingStrategy,0111,03112,0,drone,4.332148314274448e-06,5,0.001456761851486,0.1491724135921707,24744
SensorPlacementMaxCoverageGaussianTime,RandomDroneRoutingStrategy,0111,02662,0,drone,4.45550609483078e-06,10,0.002913523702972,0.2246326774991478,40446
SensorPlacementMaxCoverageGaussianTime,RandomDroneRoutingStrategy,0111,00909,14,drone,4.817180256139561e-06,482,0.1404318424832545,0.4160511847844138,103361
SensorPlacementMaxCoverageGaussianTime,RandomDroneRoutingStrategy,0111,03568,10,drone,4.779490491301277e-06,12,0.0034962284435665,0.4265398701151133,102338
SensorPlacementMaxCoverageGaussianTime,RandomDroneRoutingStrategy,0111,00910,10,drone,4.980934264997369e-06,344,0.1002252153822397,0.2992188842952332,67300
SensorPlacementMaxCoverageGaussianTime,RandomDroneRoutingStrategy,0111,03339,1,drone,4.760347879849947e-06,1,0.0002913523702972,0.3537017775408111,65492
SensorPlacementMaxCoverageGaussianTime,RandomDroneRoutingStrategy,0111,00342,14,drone,5.006020241071128e-06,7,0.0020394665920804,0.3123297409586075,73038
SensorPlacementMaxCoverageGaussianTime,RandomDroneRoutingStrategy,0111,02886,1,drone,4.4690899107598065e-06,4,0.0011654094811888,0.2287116106833087,41640
SensorPlacementMaxCoverageGaussianTime,RandomDroneRoutingStrategy,0111,03567,16,drone,4.7734730494254935e-06,40,0.0116540948118883,0.4507221168497816,123293
SensorPlacementMaxCoverageGaussianTime,RandomDroneRoutingStrategy,0111,03338,0,drone,4.403293132781982e-06,1,0.0002913523702972,0.0256390085861543,4888
SensorPlacementMaxCoverageGaussianTime,RandomDroneRoutingStrategy,0111,01525,1,drone,6.578185341574929e-06,3,0.0008740571108916,0.1375183187802824,27498
SensorPlacementMaxCoverageGaussianTime,RandomDroneRoutingStrategy,0111,02991,1,drone,4.5731955883549705e-06,5,0.001456761851486,0.0879884158297569,16448
SensorPlacementMaxCoverageGaussianTime,RandomDroneRoutingStrategy,0111,01728,24,drone,5.041298113371197e-06,127,0.0370017510277454,0.5424981134934023,155494
SensorPlacementMaxCoverageGaussianTime,RandomDroneRoutingStrategy,0111,02159,14,drone,4.726006672385447e-06,1629,0.4746130112141527,0.4751957159547472,123552
SensorPlacementMaxCoverageGaussianTime,RandomDroneRoutingStrategy,0111,02505,49,drone,4.8239036349225035e-06,1503,0.4379026125567045,0.7039073266380559,259224
SensorPlacementMaxCoverageGaussianTime,RandomDroneRoutingStrategy,0111,01710,25,drone,4.860762796115061e-06,569,0.1657794986991116,0.6599131187231774,176418
SensorPlacementMaxCoverageGaussianTime,RandomDroneRoutingStrategy,0111,03275,2,drone,4.365168461183301e-06,122,0.0355449891762594,0.2348300104595501,57434
SensorPlacementMaxCoverageGaussianTime,RandomDroneRoutingStrategy,0111,01945,12,drone,4.713985335874749e-06,197,0.05739641694855,0.3502055490972446,98713
SensorPlacementMaxCoverageGaussianTime,RandomDroneRoutingStrategy,0111,02157,7,drone,4.518971810623858e-06,109,0.0317574083623957,0.3222357215487126,88511
SensorPlacementMaxCoverageGaussianTime,RandomDroneRoutingStrategy,0111,01123,17,drone,4.664252075967909e-06,634,0.1847174027684302,0.4344063841131379,100480
SensorPlacementMaxCoverageGaussianTime,RandomDroneRoutingStrategy,0111,01124,6,drone,4.774778870578534e-06,50,0.0145676185148604,0.2260894393506338,55460
SensorPlacementMaxCoverageGaussianTime,RandomDroneRoutingStrategy,0111,00830,2,drone,4.900027317126777e-06,6,0.0017481142217832,0.1841346980278358,33213
SensorPlacementMaxCoverageGaussianTime,RandomDroneRoutingStrategy,0111,01756,2,drone,4.653436729157589e-06,8,0.0023308189623776,0.0987684535307537,19673
SensorPlacementMaxCoverageGaussianTime,RandomDroneRoutingStrategy,0111,00473,3,drone,4.676971311086932e-06,11,0.0032048760732692,0.226380791720931,48495
SensorPlacementMaxCoverageGaussianTime,RandomDroneRoutingStrategy,0111,00878,12,drone,4.591861838932719e-06,88,0.0256390085861543,0.4265398701151133,108270
SensorPlacementMaxCoverageGaussianTime,RandomDroneRoutingStrategy,0111,00876,0,drone,5.281332767370976e-06,2,0.0005827047405944,0.0163157327366436,2440
SensorPlacementMaxCoverageGaussianTime,RandomDroneRoutingStrategy,0111,01153,10,drone,4.511691880550398e-06,57,0.0166070851069408,0.4518875263309704,110975
SensorPlacementMaxCoverageGaussianTime,RandomDroneRoutingStrategy,0111,01968,3,drone,4.370478346026479e-06,7,0.0020394665920804,0.2476495147526272,48306
SensorPlacementMaxCoverageGaussianTime,RandomDroneRoutingStrategy,0111,01154,20,drone,4.840172853465054e-06,137,0.0399152747307175,0.5215207428320033,158470
SensorPlacementMaxCoverageGaussianTime,RandomDroneRoutingStrategy,0111,03055,39,drone,4.6259087298305165e-06,831,0.2421138197169803,0.7586815722539311,234675
SensorPlacementMaxCoverageGaussianTime,RandomDroneRoutingStrategy,0111,02542,10,drone,4.553686979129843e-06,47,0.0136935614039688,0.3292281784358457,105280
SensorPlacementMaxCoverageGaussianTime,RandomDroneRoutingStrategy,0111,01969,9,drone,4.79004599831321e-06,61,0.0177724945881297,0.2907696655566141,66104
SensorPlacementMaxCoverageGaussianTime,RandomDroneRoutingStrategy,0111,03054,71,undetected,4.799154623506422e-06,1151,0.3353465782120871,1.243491916428486,409976
SensorPlacementMaxCoverageGaussianTime,RandomDroneRoutingStrategy,0111,00877,4,drone,4.6208243604358604e-06,19,0.0055356950356469,0.2951399511110723,59585
SensorPlacementMaxCoverageGaussianTime,RandomDroneRoutingStrategy,0111,02181,9,drone,4.705237051355456e-06,32,0.0093232758495106,0.3819629574596404,92222
SensorPlacementMaxCoverageGaussianTime,RandomDroneRoutingStrategy,0111,02660,3,drone,4.807108836662838e-06,50,0.0145676185148604,0.2097737066139901,40447
SensorPlacementMaxCoverageGaussianTime,RandomDroneRoutingStrategy,0111,00766,15,drone,4.812477793992485e-06,50,0.0145676185148604,0.395365166493312,77723
SensorPlacementMaxCoverageGaussianTime,RandomDroneRoutingStrategy,0111,03340,0,drone,4.340344526636319e-06,1,0.0002913523702972,0.0585618264297389,9883
SensorPlacementMaxCoverageGaussianTime,RandomDroneRoutingStrategy,0111,02408,1,drone,4.367460243952145e-06,2,0.0005827047405944,0.3242751881407931,66261
SensorPlacementMaxCoverageGaussianTime,RandomDroneRoutingStrategy,0111,02295,21,drone,4.590188861794984e-06,45,0.0131108566633743,0.5331748376438916,158041
SensorPlacementMaxCoverageGaussianTime,RandomDroneRoutingStrategy,0111,02268,7,drone,4.636551723007329e-06,115,0.0335055225841789,0.4061452041943087,95749
SensorPlacementMaxCoverageGaussianTime,RandomDroneRoutingStrategy,0111,01042,14,drone,4.7202293689434346e-06,42,0.0122367995524827,0.4277052795963021,123957
SensorPlacementMaxCoverageGaussianTime,RandomDroneRoutingStrategy,0111,01284,4,drone,4.5684969552142574e-06,5,0.001456761851486,0.3796321384972627,82640
SensorPlacementMaxCoverageGaussianTime,RandomDroneRoutingStrategy,0111,03111,1,drone,4.6037939276908015e-06,4,0.0011654094811888,0.1727719555862446,29676
SensorPlacementMaxCoverageGaussianTime,RandomDroneRoutingStrategy,0320,00682,2,drone,4.756535198671598e-06,115,0.1037110519908012,0.1560174956035532,10652
SensorPlacementMaxCoverageGaussianTime,RandomDroneRoutingStrategy,0024,01683,20,drone,4.706508667132337e-06,189,0.0629968501574921,0.6936319850674133,136719
SensorPlacementMaxCoverageGaussianTime,RandomDroneRoutingStrategy,0024,01684,24,drone,4.702398221786708e-06,325,0.1083279169374864,0.5419729013549323,143401
SensorPlacementMaxCoverageGaussianTime,RandomDroneRoutingStrategy,0024,00705,1,drone,4.289996239446824e-06,20,0.0066663333499991,0.1426595336899822,23617
SensorPlacementMaxCoverageGaussianTime,RandomDroneRoutingStrategy,0024,01685,11,ground sensor,4.574014486369092e-06,6185,2.061563588487242,0.3496491842074563,68234
SensorPlacementMaxCoverageGaussianTime,RandomDroneRoutingStrategy,0024,01682,23,drone,4.583425215553446e-06,375,0.1249937503124843,0.6103028181924237,144473
SensorPlacementMaxCoverageGaussianTime,RandomDroneRoutingStrategy,0024,00641,20,drone,4.840423079097972e-06,30,0.0099995000249987,0.4863090178824392,108139
SensorPlacementMaxCoverageGaussianTime,RandomDroneRoutingStrategy,0024,02145,0,drone,5.052935692571825e-06,97,0.0323317167474959,0.0149992500374981,2130
SensorPlacementMaxCoverageGaussianTime,RandomDroneRoutingStrategy,0024,02535,0,drone,4.543419520876374e-06,115,0.0383314167624952,0.3243171174774594,63053
SensorPlacementMaxCoverageGaussianTime,RandomDroneRoutingStrategy,0024,02193,5,drone,4.633267720540365e-06,882,0.2939853007349632,0.2693198673399663,45085
SensorPlacementMaxCoverageGaussianTime,RandomDroneRoutingStrategy,0024,00891,6,drone,4.542342308054104e-06,203,0.0676632835024915,0.2753195673549655,61663
SensorPlacementMaxCoverageGaussianTime,RandomDroneRoutingStrategy,0024,00238,28,drone,4.593844376623876e-06,4465,1.488258920387314,0.6969651517424129,172853
SensorPlacementMaxCoverageGaussianTime,RandomDroneRoutingStrategy,0024,01326,4,drone,4.570089655814411e-06,1778,0.5926370348149259,0.3183174174624602,55017
SensorPlacementMaxCoverageGaussianTime,RandomDroneRoutingStrategy,0024,01921,4,drone,4.34619624440263e-06,36,0.0119994000299985,0.2613202673199673,47679
SensorPlacementMaxCoverageGaussianTime,RandomDroneRoutingStrategy,0024,01787,5,drone,4.871843671641334e-06,3767,1.2556038864723431,0.2683199173374664,47195
SensorPlacementMaxCoverageGaussianTime,RandomDroneRoutingStrategy,0024,02534,0,drone,4.46372561984592e-06,313,0.1043281169274869,0.3459827008649567,62672
SensorPlacementMaxCoverageGaussianTime,RandomDroneRoutingStrategy,0024,01788,10,ground sensor,4.491511243726178e-06,6131,2.0435644884422444,0.4469776511174441,94077
SensorPlacementMaxCoverageGaussianTime,RandomDroneRoutingStrategy,0024,02611,0,drone,4.300531351341391e-06,117,0.0389980500974951,0.0853290668799893,12819
SensorPlacementMaxCoverageGaussianTime,RandomDroneRoutingStrategy,0024,01691,1,drone,4.799926982206457e-06,267,0.0889955502224888,0.0406646334349949,5514
SensorPlacementMaxCoverageGaussianTime,RandomDroneRoutingStrategy,0024,01696,4,drone,4.601400915885204e-06,2909,0.9696181857573788,0.2906521340599636,48029
SensorPlacementMaxCoverageGaussianTime,RandomDroneRoutingStrategy,0024,02079,0,drone,4.177662863660214e-06,97,0.0323317167474959,0.1159942002899855,16107
SensorPlacementMaxCoverageGaussianTime,RandomDroneRoutingStrategy,0024,01687,6,drone,4.8021867844531955e-06,664,0.2213222672199723,0.2473209672849691,45688
SensorPlacementMaxCoverageGaussianTime,RandomDroneRoutingStrategy,0024,01689,3,drone,4.6666017276251725e-06,1478,0.4926420345649384,0.2346549339199707,38671
SensorPlacementMaxCoverageGaussianTime,RandomDroneRoutingStrategy,0024,00889,1,drone,4.429294550047837e-06,34,0.0113327666949985,0.3259837008149592,58147
SensorPlacementMaxCoverageGaussianTime,RandomDroneRoutingStrategy,0024,00047,3,drone,4.3597319578960776e-06,497,0.1656583837474793,0.2036564838424745,34157
SensorPlacementMaxCoverageGaussianTime,RandomDroneRoutingStrategy,0024,01784,16,ground sensor,4.630050961933439e-06,6205,2.0682299218372413,0.4536439844674432,101464
SensorPlacementMaxCoverageGaussianTime,RandomDroneRoutingStrategy,0024,01782,0,drone,4.495938199042014e-06,163,0.0543306168024932,0.3109844507774612,60268
SensorPlacementMaxCoverageGaussianTime,RandomDroneRoutingStrategy,0024,01692,5,drone,4.815577265612762e-06,2361,0.7869606519674017,0.2069896505174741,32172
SensorPlacementMaxCoverageGaussianTime,RandomDroneRoutingStrategy,0024,01693,4,drone,4.81751128917432e-06,2027,0.6756328850224156,0.1493258670399813,20446
SensorPlacementMaxCoverageGaussianTime,RandomDroneRoutingStrategy,0024,01694,3,ground sensor,4.5153559470663265e-06,1826,0.6086362348549239,0.3796476842824525,70135
SensorPlacementMaxCoverageGaussianTime,RandomDroneRoutingStrategy,0025,00891,13,drone,4.8293777191457575e-06,1312,0.4553215708594195,0.5292419173480295,114140
SensorPlacementMaxCoverageGaussianTime,RandomDroneRoutingStrategy,0025,01035,6,drone,4.689426781199171e-06,3917,1.3593708788539225,0.4088176909088385,69729
SensorPlacementMaxCoverageGaussianTime,RandomDroneRoutingStrategy,0025,01020,0,drone,4.186513233769891e-06,221,0.0766966975304357,0.3348973444202285,64395
SensorPlacementMaxCoverageGaussianTime,RandomDroneRoutingStrategy,0025,00279,1,drone,4.3545812821315775e-06,65,0.022557852214834,0.1835862126407262,26296
SensorPlacementMaxCoverageGaussianTime,RandomDroneRoutingStrategy,0025,01199,6,drone,4.653188450571024e-06,2591,0.8991906936713078,0.2769410164221164,52244
SensorPlacementMaxCoverageGaussianTime,RandomDroneRoutingStrategy,0025,00650,13,drone,4.48245863343295e-06,2682,0.9307716867720756,0.5323653122700834,121753
SensorPlacementMaxCoverageGaussianTime,RandomDroneRoutingStrategy,0025,00777,11,drone,4.520864207538477e-06,1056,0.3664783375209962,0.5417354970362452,114828
SensorPlacementMaxCoverageGaussianTime,RandomDroneRoutingStrategy,0025,00532,21,drone,4.786051289480826e-06,1088,0.377583741688299,0.5531879450837763,107198
SensorPlacementMaxCoverageGaussianTime,RandomDroneRoutingStrategy,0025,00595,2,drone,4.619913002879349e-06,537,0.186362563682552,0.2543831642072823,37898
SensorPlacementMaxCoverageGaussianTime,RandomDroneRoutingStrategy,0025,00701,2,drone,4.782305135355367e-06,879,0.3050515707206019,0.0881491455779668,12183
SensorPlacementMaxCoverageGaussianTime,RandomDroneRoutingStrategy,0265,01500,8,drone,4.579329631737704e-06,400,0.2369106846718786,0.7972044539208719,93166
SensorPlacementMaxCoverageGaussianTime,RandomDroneRoutingStrategy,0106,00956,1,drone,4.535815754874808e-06,52,0.0180664707149458,0.2511934293635738,39447
SensorPlacementMaxCoverageGaussianTime,RandomDroneRoutingStrategy,0106,00958,12,drone,4.572369799043034e-06,921,0.3199849909320214,0.4033687019240791,93500
SensorPlacementMaxCoverageGaussianTime,RandomDroneRoutingStrategy,0106,00554,0,drone,4.1689191545758924e-06,8,0.0027794570330685,0.1438369014612995,21987
SensorPlacementMaxCoverageGaussianTime,RandomDroneRoutingStrategy,0106,01224,8,drone,5.034189894923215e-06,92,0.0319637558802887,0.2352115514234294,45452
SensorPlacementMaxCoverageGaussianTime,RandomDroneRoutingStrategy,0106,02055,11,drone,4.53561773506767e-06,5952,2.067916032603031,0.5628400491963894,112008
SensorPlacementMaxCoverageGaussianTime,RandomDroneRoutingStrategy,0106,00957,0,drone,4.501600523252745e-06,19,0.0066012104535379,0.2671753073037182,45171
SensorPlacementMaxCoverageGaussianTime,RandomDroneRoutingStrategy,0106,01075,6,drone,4.999978201729911e-06,1695,0.5888974588814075,0.2164502164502164,33364
SensorPlacementMaxCoverageGaussianTime,RandomDroneRoutingStrategy,0106,01489,0,drone,4.505984997623181e-06,8,0.0027794570330685,0.1035347744818049,15332
SensorPlacementMaxCoverageGaussianTime,RandomDroneRoutingStrategy,0106,01225,2,drone,4.708081826396372e-06,38,0.0132024209070758,0.0983232925448013,13470
SensorPlacementMaxCoverageGaussianTime,RandomDroneRoutingStrategy,0106,00555,12,drone,4.516129162623871e-06,2472,0.8588522232181943,0.5399095286735737,110359
SensorPlacementMaxCoverageGaussianTime,RandomDroneRoutingStrategy,0106,01966,1,drone,4.4772018538950215e-06,44,0.0152870136818772,0.2793354318233933,44939
SensorPlacementMaxCoverageGaussianTime,RandomDroneRoutingStrategy,0106,00624,15,drone,5.058086279666785e-06,10,0.0034743212913357,0.4422811003870394,79083
SensorPlacementMaxCoverageGaussianTime,RandomDroneRoutingStrategy,0106,00623,11,drone,4.962810034890777e-06,14,0.00486404980787,0.3189426945446207,56224
SensorPlacementMaxCoverageGaussianTime,RandomDroneRoutingStrategy,0106,01395,0,drone,5.1000843877377715e-06,7,0.002432024903935,0.01459214942361,2020
SensorPlacementMaxCoverageGaussianTime,RandomDroneRoutingStrategy,0106,00278,4,drone,5.361510486137576e-06,569,0.1976888814770034,0.1445317657195667,22539
SensorPlacementMaxCoverageGaussianTime,RandomDroneRoutingStrategy,0106,00010,3,drone,4.9102404886040805e-06,166,0.0576737334361732,0.1243807022298194,18802
SensorPlacementMaxCoverageGaussianTime,RandomDroneRoutingStrategy,0106,01393,16,drone,4.869105631135047e-06,1434,0.4982176731775448,0.4256043581886279,85323
SensorPlacementMaxCoverageGaussianTime,RandomDroneRoutingStrategy,0106,01967,3,drone,5.093237544317444e-06,928,0.3224170158359564,0.2261783160659565,33811
SensorPlacementMaxCoverageGaussianTime,RandomDroneRoutingStrategy,0106,00812,22,drone,4.898633388494024e-06,12821,4.454427327621549,0.4992599695649455,119224
SensorPlacementMaxCoverageGaussianTime,RandomDroneRoutingStrategy,0106,00011,4,drone,4.979718728844388e-06,219,0.0760876362802526,0.2376435763273644,40031
SensorPlacementMaxCoverageGaussianTime,RandomDroneRoutingStrategy,0106,01772,8,drone,4.8414528460350676e-06,1378,0.4787614739460646,0.2633535538832489,50532
SensorPlacementMaxCoverageGaussianTime,RandomDroneRoutingStrategy,0106,00890,2,drone,4.80419033569909e-06,448,0.155649593851841,0.1163897632597472,16830
SensorPlacementMaxCoverageGaussianTime,RandomDroneRoutingStrategy,0106,01177,17,drone,5.0392920660865685e-06,13551,4.708052781889058,0.3331874118390972,87579
SensorPlacementMaxCoverageGaussianTime,RandomDroneRoutingStrategy,0106,00056,3,drone,4.904438750912444e-06,46,0.0159818779401443,0.2293052052281587,31201
SensorPlacementMaxCoverageGaussianTime,RandomDroneRoutingStrategy,0106,00467,1,drone,4.309387022746358e-06,63,0.0218882241354151,0.1914351031525991,32413
SensorPlacementMaxCoverageGaussianTime,RandomDroneRoutingStrategy,0106,00057,7,drone,4.919728381142587e-06,132,0.0458610410456317,0.4398490754831043,89497
SensorPlacementMaxCoverageGaussianTime,RandomDroneRoutingStrategy,0106,01512,2,drone,4.543311412964611e-06,384,0.1334139375872923,0.2994864953131406,64695
SensorPlacementMaxCoverageGaussianTime,RandomDroneRoutingStrategy,0106,00891,17,drone,4.9899179468709955e-06,13935,4.841466719476351,0.525664811379097,118580
SensorPlacementMaxCoverageGaussianTime,RandomDroneRoutingStrategy,0106,01178,14,drone,4.856128715092779e-06,8048,2.7961337752670015,0.5426889857066421,133121
SensorPlacementMaxCoverageGaussianTime,RandomDroneRoutingStrategy,0106,00061,1,drone,7.099712017885188e-06,11,0.0038217534204693,0.2699547643367868,45338
SensorPlacementMaxCoverageGaussianTime,RandomDroneRoutingStrategy,0106,02070,18,drone,5.673321053450805e-06,3521,1.2233085266793131,0.4176134192185556,89450
SensorPlacementMaxCoverageGaussianTime,RandomDroneRoutingStrategy,0106,01468,4,drone,4.5881798518962e-06,12,0.0041691855496028,0.3297130905477615,78036
SensorPlacementMaxCoverageGaussianTime,RandomDroneRoutingStrategy,0106,02071,12,drone,4.631729179106051e-06,3390,1.177794917762815,0.4193505798642234,111804
SensorPlacementMaxCoverageGaussianTime,RandomDroneRoutingStrategy,0106,02057,5,drone,4.679465962347583e-06,1258,0.4370696184500358,0.4071904553445484,84748
SensorPlacementMaxCoverageGaussianTime,RandomDroneRoutingStrategy,0106,00363,2,drone,4.757346445425398e-06,19,0.0066012104535379,0.0879003286707941,13581
SensorPlacementMaxCoverageGaussianTime,RandomDroneRoutingStrategy,0106,01077,5,drone,4.8179232127259165e-06,1026,0.3564653644910466,0.3707100817855231,71223
SensorPlacementMaxCoverageGaussianTime,RandomDroneRoutingStrategy,0106,01287,7,drone,4.668696144178338e-06,71,0.0246676811684837,0.4273415188342958,88205
SensorPlacementMaxCoverageGaussianTime,RandomDroneRoutingStrategy,0106,01888,3,drone,5.470106416929422e-06,390,0.1354985303620937,0.2484139723305052,42563
SensorPlacementMaxCoverageGaussianTime,RandomDroneRoutingStrategy,0106,00362,3,drone,4.522548699230881e-06,42,0.01459214942361,0.1824018677951262,38339
SensorPlacementMaxCoverageGaussianTime,RandomDroneRoutingStrategy,0106,01288,9,drone,4.832912581812761e-06,119,0.0413444233668952,0.3331874118390972,63701
SensorPlacementMaxCoverageGaussianTime,RandomDroneRoutingStrategy,0106,00819,15,drone,4.9302968174412515e-06,5186,1.8017830216867137,0.5531119495806494,109105
SensorPlacementMaxCoverageGaussianTime,RandomDroneRoutingStrategy,0106,01907,1,drone,4.936393589030401e-06,2,0.0006948642582671,0.1751057930833212,28689
SensorPlacementMaxCoverageGaussianTime,RandomDroneRoutingStrategy,0106,01161,6,drone,5.106611566229181e-06,490,0.1702417432754511,0.3654985998485195,71863
SensorPlacementMaxCoverageGaussianTime,RandomDroneRoutingStrategy,0106,00888,7,drone,5.342759621196167e-06,2353,0.8175077998512991,0.3119940519619492,52335
SensorPlacementMaxCoverageGaussianTime,RandomDroneRoutingStrategy,0106,01159,3,drone,4.8855016397875405e-06,312,0.108398824289675,0.1834441641825269,28122
SensorPlacementMaxCoverageGaussianTime,RandomDroneRoutingStrategy,0106,01365,17,drone,6.378560826398324e-06,28,0.00972809961574,0.5069034764058842,102473
SensorPlacementMaxCoverageGaussianTime,RandomDroneRoutingStrategy,0106,00811,4,drone,4.989166472579977e-06,840,0.2918429884722019,0.3571602287493138,56674
SensorPlacementMaxCoverageGaussianTime,RandomDroneRoutingStrategy,0106,00012,1,drone,4.8724020489994785e-06,69,0.0239728169102165,0.3029608166044763,51149
SensorPlacementMaxCoverageGaussianTime,RandomDroneRoutingStrategy,0106,01908,7,drone,6.081043988808818e-06,18,0.0062537783244043,0.2831571852438626,41513
SensorPlacementMaxCoverageGaussianTime,RandomDroneRoutingStrategy,0106,00820,5,drone,5.033281114366319e-06,129,0.044818744658231,0.2762085426611911,43139
SensorPlacementMaxCoverageGaussianTime,RandomDroneRoutingStrategy,0106,01364,7,drone,4.556801942017701e-06,6,0.0020845927748014,0.3265862013855593,53391
SensorPlacementMaxCoverageGaussianTime,RandomDroneRoutingStrategy,0106,00280,8,drone,4.56847891902292e-06,1525,0.5298339969286999,0.367583192623321,59286
SensorPlacementMaxCoverageGaussianTime,RandomDroneRoutingStrategy,0106,02165,2,drone,4.568599406025951e-06,4,0.0013897285165342,0.3436103757131044,65861
SensorPlacementMaxCoverageGaussianTime,RandomDroneRoutingStrategy,0106,00438,2,drone,4.582594845812189e-06,41,0.0142447172944765,0.3321451154516965,61452
SensorPlacementMaxCoverageGaussianTime,RandomDroneRoutingStrategy,0106,00063,0,drone,4.4531741384732525e-06,4,0.0013897285165342,0.3248490407398914,56062
SensorPlacementMaxCoverageGaussianTime,RandomDroneRoutingStrategy,0106,00436,0,drone,4.9943264580094595e-06,9,0.0031268891622021,0.2366012799399637,45829
SensorPlacementMaxCoverageGaussianTime,RandomDroneRoutingStrategy,0106,01510,3,drone,4.8535210745675224e-06,404,0.1403625801699638,0.1688520147589168,25199
SensorPlacementMaxCoverageGaussianTime,RandomDroneRoutingStrategy,0106,00668,5,drone,4.821658683812014e-06,17,0.0059063461952707,0.3877342561130683,70160
SensorPlacementMaxCoverageGaussianTime,RandomDroneRoutingStrategy,0106,02163,27,drone,4.820060972748644e-06,88,0.0305740273637544,0.7285651747931041,186881
SensorPlacementMaxCoverageGaussianTime,RandomDroneRoutingStrategy,0106,00892,1,drone,4.444775079844989e-06,91,0.0316163237511552,0.242855058264368,47976
SensorPlacementMaxCoverageGaussianTime,RandomDroneRoutingStrategy,0106,00203,22,drone,4.81619232002346e-06,3722,1.2931423846351615,0.6153023006955591,139490
SensorPlacementMaxCoverageGaussianTime,RandomDroneRoutingStrategy,0106,00667,17,drone,5.004436055579424e-06,111,0.0385649663338266,0.5517222210641152,140823
SensorPlacementMaxCoverageGaussianTime,RandomDroneRoutingStrategy,0106,00204,31,drone,4.82022475206927e-06,8422,2.926073391562958,0.8387011597284469,211123
SensorPlacementMaxCoverageGaussianTime,RandomDroneRoutingStrategy,0106,00464,11,drone,5.4520955774304675e-06,3361,1.1677193860179411,0.3213747194485557,56833
SensorPlacementMaxCoverageGaussianTime,RandomDroneRoutingStrategy,0106,01770,9,drone,4.761559622628348e-06,2290,0.7956195757158838,0.3529910431997109,67330
SensorPlacementMaxCoverageGaussianTime,RandomDroneRoutingStrategy,0106,00463,1,drone,5.430322352463637e-06,49,0.0170241743275451,0.1431420372030324,18817
SensorPlacementMaxCoverageGaussianTime,RandomDroneRoutingStrategy,0106,00347,2,drone,4.421527927837046e-06,27,0.0093806674866064,0.3307553869351622,63524
SensorPlacementMaxCoverageGaussianTime,RandomDroneRoutingStrategy,0106,00349,1,drone,4.927901660694795e-06,18,0.0062537783244043,0.0865106001542598,10812
SensorPlacementMaxCoverageGaussianTime,RandomDroneRoutingStrategy,0106,01490,0,drone,4.350955669696515e-06,8,0.0027794570330685,0.1723263360502525,25429
SensorPlacementMaxCoverageGaussianTime,RandomDroneRoutingStrategy,0319,04119,0,drone,4.767881008823222e-06,13,0.0124616564417177,0.5540644171779141,36501
SensorPlacementMaxCoverageGaussianTime,RandomDroneRoutingStrategy,0323,00195,5,drone,5.156616044174778e-06,46,0.0322920322920322,0.339066339066339,28487
SensorPlacementMaxCoverageGaussianTime,RandomDroneRoutingStrategy,0321,01452,0,drone,4.613707805502004e-06,3,0.0042084590025952,0.7897874728203689,35702
SensorPlacementMaxCoverageGaussianTime,RandomDroneRoutingStrategy,0016,00844,30,undetected,6.551898661113921e-06,45,0.0140591609492745,0.5704895087416738,158255
SensorPlacementMaxCoverageGaussianTime,RandomDroneRoutingStrategy,0016,00078,10,drone,4.7587493075383615e-06,142,0.044364463439933,0.4776990464764618,105219
SensorPlacementMaxCoverageGaussianTime,RandomDroneRoutingStrategy,0016,01962,4,drone,4.609959237527527e-06,10,0.0031242579887276,0.3146127794648771,70980
SensorPlacementMaxCoverageGaussianTime,RandomDroneRoutingStrategy,0016,01737,3,drone,5.537065966375943e-06,63,0.0196828253289843,0.2108874142391182,40372
SensorPlacementMaxCoverageGaussianTime,RandomDroneRoutingStrategy,0016,00843,8,drone,5.160484995160784e-06,32,0.0099976255639285,0.2590009872655244,43911
SensorPlacementMaxCoverageGaussianTime,RandomDroneRoutingStrategy,0016,01739,15,drone,4.804415228479196e-06,662,0.2068258788537722,0.5595546057811269,118661
SensorPlacementMaxCoverageGaussianTime,RandomDroneRoutingStrategy,0016,02148,0,drone,4.581582378333723e-06,66,0.0206201027256026,0.2243217235906472,45016
SensorPlacementMaxCoverageGaussianTime,RandomDroneRoutingStrategy,0016,02974,19,drone,4.89230203156424e-06,376,0.1174721003761606,0.4989440007998101,126088
SensorPlacementMaxCoverageGaussianTime,RandomDroneRoutingStrategy,0016,01362,7,drone,5.5888751605609515e-06,771,0.2408802909309038,0.1983903822842075,34829
SensorPlacementMaxCoverageGaussianTime,RandomDroneRoutingStrategy,0016,01150,12,drone,4.715932826515902e-06,248,0.0774815981204463,0.3627263524912833,84026
SensorPlacementMaxCoverageGaussianTime,RandomDroneRoutingStrategy,0016,01534,1,drone,4.186494713913871e-06,54,0.0168709931391294,0.2290081105737387,59945
SensorPlacementMaxCoverageGaussianTime,RandomDroneRoutingStrategy,0016,02513,4,drone,5.0623724065675325e-06,438,0.1368424999062722,0.1727714667766405,25911
SensorPlacementMaxCoverageGaussianTime,RandomDroneRoutingStrategy,0016,00076,0,drone,4.279613494873047e-06,5,0.0015621289943638,0.1040377910246316,13684
SensorPlacementMaxCoverageGaussianTime,RandomDroneRoutingStrategy,0016,02721,2,drone,4.5060010209645186e-06,531,0.1658980992014396,0.3192991664479686,69642
SensorPlacementMaxCoverageGaussianTime,RandomDroneRoutingStrategy,0016,02973,26,drone,5.3211574640748725e-06,1807,0.5645534185630913,0.6848373511291068,174541
SensorPlacementMaxCoverageGaussianTime,RandomDroneRoutingStrategy,0016,03069,59,drone,4.914659286532674e-06,1144,0.3574151139104463,1.031629987877879,321689
SensorPlacementMaxCoverageGaussianTime,RandomDroneRoutingStrategy,0016,02726,2,drone,4.72517981045488e-06,185,0.057798772791462,0.1168472487784151,21115
SensorPlacementMaxCoverageGaussianTime,RandomDroneRoutingStrategy,0016,02514,0,drone,4.460360552813555e-06,2,0.0006248515977455,0.1708969119834039,29313
SensorPlacementMaxCoverageGaussianTime,RandomDroneRoutingStrategy,0016,01533,1,drone,4.348439715045756e-06,54,0.0168709931391294,0.3086766892862945,64641
SensorPlacementMaxCoverageGaussianTime,RandomDroneRoutingStrategy,0016,01365,9,drone,4.433083418690523e-06,166,0.0518626826128794,0.3974056161661605,101845
SensorPlacementMaxCoverageGaussianTime,RandomDroneRoutingStrategy,0016,00025,21,drone,5.190354540832061e-06,445,0.1390294804983816,0.4608280533373324,103334
SensorPlacementMaxCoverageGaussianTime,RandomDroneRoutingStrategy,0016,02316,34,undetected,4.934991268043585e-06,47,0.01468401254702,0.6801509641460153,173681
SensorPlacementMaxCoverageGaussianTime,RandomDroneRoutingStrategy,0016,01593,0,drone,4.432376287158392e-06,3,0.0009372773966183,0.2533773228858146,40209
SensorPlacementMaxCoverageGaussianTime,RandomDroneRoutingStrategy,0016,00441,11,ground sensor,4.785229461361663e-06,1181,0.3689748684687386,0.2855571801697097,54250
SensorPlacementMaxCoverageGaussianTime,RandomDroneRoutingStrategy,0016,02781,15,drone,4.3898513636638205e-06,2895,0.9044726877366625,0.507067071570502,122095
SensorPlacementMaxCoverageGaussianTime,RandomDroneRoutingStrategy,0016,01938,1,drone,4.572527749197823e-06,39,0.0121846061560379,0.1355927967107811,22115
SensorPlacementMaxCoverageGaussianTime,RandomDroneRoutingStrategy,0016,02775,0,drone,4.469667162214007e-06,18,0.0056236643797098,0.2661867806395981,55661
SensorPlacementMaxCoverageGaussianTime,RandomDroneRoutingStrategy,0016,01790,0,drone,4.464301510133605e-06,3,0.0009372773966183,0.0365538184681138,5475
SensorPlacementMaxCoverageGaussianTime,RandomDroneRoutingStrategy,0016,00470,14,drone,4.715859765548547e-06,3437,1.0738074707257026,0.3208612954423324,73439
SensorPlacementMaxCoverageGaussianTime,RandomDroneRoutingStrategy,0016,01931,1,drone,4.482736774519378e-06,8,0.0024994063909821,0.2180732076131918,39474
SensorPlacementMaxCoverageGaussianTime,RandomDroneRoutingStrategy,0016,01936,0,drone,4.408364814030886e-06,5,0.0015621289943638,0.1971406790887164,34921
SensorPlacementMaxCoverageGaussianTime,RandomDroneRoutingStrategy,0016,03068,15,drone,4.752314820581553e-06,193,0.0602981791824441,0.3505417463352454,76992
SensorPlacementMaxCoverageGaussianTime,RandomDroneRoutingStrategy,0016,01532,1,drone,4.825821842055723e-06,4,0.001249703195491,0.0465514440320423,6727
SensorPlacementMaxCoverageGaussianTime,RandomDroneRoutingStrategy,0016,02515,0,drone,4.80146438165418e-06,34,0.0106224771616741,0.2808707931866182,48651
SensorPlacementMaxCoverageGaussianTime,RandomDroneRoutingStrategy,0016,02149,0,drone,4.52667884017049e-06,69,0.0215573801222209,0.2771216836001449,62683
SensorPlacementMaxCoverageGaussianTime,RandomDroneRoutingStrategy,0016,01738,0,drone,4.487682361992038e-06,2,0.0006248515977455,0.2718104450193079,61087
SensorPlacementMaxCoverageGaussianTime,RandomDroneRoutingStrategy,0016,00077,26,drone,6.078417540522198e-06,320,0.0999762556392856,0.6573438808283033,143778
SensorPlacementMaxCoverageGaussianTime,RandomDroneRoutingStrategy,0016,02182,22,drone,4.9814742098572435e-06,1113,0.3477299141453904,0.4167760156962721,116927
SensorPlacementMaxCoverageGaussianTime,RandomDroneRoutingStrategy,0016,01352,1,drone,5.561729957317484e-06,25,0.0078106449718191,0.0687336757520089,9290
SensorPlacementMaxCoverageGaussianTime,RandomDroneRoutingStrategy,0016,01194,1,drone,4.342437660607108e-06,127,0.0396780764568415,0.2480660843049776,44728
SensorPlacementMaxCoverageGaussianTime,RandomDroneRoutingStrategy,0016,01937,0,drone,4.360488816803577e-06,15,0.0046863869830915,0.0987265524437946,16176
SensorPlacementMaxCoverageGaussianTime,RandomDroneRoutingStrategy,0016,00471,14,drone,8.234573291199314e-06,491,0.1534010672465289,0.4339594346342744,115886
SensorPlacementMaxCoverageGaussianTime,RandomDroneRoutingStrategy,0016,02789,1,drone,4.324996680544134e-06,182,0.0568614953948437,0.326797385620915,62687
SensorPlacementMaxCoverageGaussianTime,RandomDroneRoutingStrategy,0016,00688,15,drone,4.7388406833447176e-06,639,0.1996400854796985,0.3242979792299329,86082
SensorPlacementMaxCoverageGaussianTime,RandomDroneRoutingStrategy,0016,02774,7,drone,4.712897952240293e-06,367,0.1146602681863057,0.2521276196903235,47649
SensorPlacementMaxCoverageGaussianTime,RandomDroneRoutingStrategy,0016,00023,22,drone,4.6188240155212235e-06,1176,0.3674127394743748,0.5895474824729127,144946
SensorPlacementMaxCoverageGaussianTime,RandomDroneRoutingStrategy,0016,01561,5,drone,4.659430319521607e-06,41,0.0128094577537834,0.3305464952073882,74552
SensorPlacementMaxCoverageGaussianTime,RandomDroneRoutingStrategy,0016,01289,12,drone,4.707342308120904e-06,827,0.2583761356677789,0.4392706732151114,103336
SensorPlacementMaxCoverageGaussianTime,RandomDroneRoutingStrategy,0016,00169,7,drone,4.717912623491237e-06,243,0.0759194691260825,0.2727477224159262,59828
SensorPlacementMaxCoverageGaussianTime,RandomDroneRoutingStrategy,0016,01077,3,drone,4.574178485524538e-06,76,0.0237443607143303,0.2421299941263949,56675
SensorPlacementMaxCoverageGaussianTime,RandomDroneRoutingStrategy,0016,02050,32,drone,4.58811059852556e-06,1717,0.5364350966645423,0.7751284070033367,205485
SensorPlacementMaxCoverageGaussianTime,RandomDroneRoutingStrategy,0016,00731,13,drone,5.4281811381495275e-06,24,0.0074982191729464,0.410215073919944,77669
SensorPlacementMaxCoverageGaussianTime,RandomDroneRoutingStrategy,0016,02630,6,drone,4.978103433700806e-06,116,0.036241392669241,0.2661867806395981,58295
SensorPlacementMaxCoverageGaussianTime,RandomDroneRoutingStrategy,0016,02637,7,drone,4.692630873200643e-06,1434,0.4480185955835489,0.2343193491545758,55960
SensorPlacementMaxCoverageGaussianTime,RandomDroneRoutingStrategy,0016,02663,11,drone,4.6709734558683085e-06,159,0.04967570202077,0.4017795773503792,99676
SensorPlacementMaxCoverageGaussianTime,RandomDroneRoutingStrategy,0016,01012,39,drone,4.76584647921193e-06,663,0.207138304652645,0.8004348967120309,228842
SensorPlacementMaxCoverageGaussianTime,RandomDroneRoutingStrategy,0016,02836,2,drone,4.757257332479147e-06,26,0.0081230707706919,0.2280708331771204,51839
SensorPlacementMaxCoverageGaussianTime,RandomDroneRoutingStrategy,0016,01829,14,drone,4.380458110087627e-06,328,0.1024756620302678,0.5736137667304015,133483
SensorPlacementMaxCoverageGaussianTime,RandomDroneRoutingStrategy,0016,01675,5,drone,4.417647726287253e-06,141,0.0440520376410602,0.1955785500943526,40259
SensorPlacementMaxCoverageGaussianTime,RandomDroneRoutingStrategy,0016,02467,16,drone,4.785237638843755e-06,2575,0.8044964320973769,0.5658031217585824,137523
SensorPlacementMaxCoverageGaussianTime,RandomDroneRoutingStrategy,0016,00592,7,drone,5.068536290151631e-06,393,0.1227833389569977,0.2593134130643972,53492
SensorPlacementMaxCoverageGaussianTime,RandomDroneRoutingStrategy,0016,01827,0,drone,4.289959664388881e-06,2,0.0006248515977455,0.3036778765043302,60205
SensorPlacementMaxCoverageGaussianTime,RandomDroneRoutingStrategy,0016,02051,15,drone,4.856255176343705e-06,822,0.2568140066734151,0.5098789037603569,109862
SensorPlacementMaxCoverageGaussianTime,RandomDroneRoutingStrategy,0016,01076,6,drone,4.526819352382898e-06,228,0.071233082142991,0.3336707531961159,70995
SensorPlacementMaxCoverageGaussianTime,RandomDroneRoutingStrategy,0016,01618,11,drone,4.694780965489665e-06,227,0.0709206563441182,0.4408328022094753,99136
SensorPlacementMaxCoverageGaussianTime,RandomDroneRoutingStrategy,0016,01288,13,drone,4.742470087181211e-06,1049,0.3277346630175333,0.4767617690798435,121111
SensorPlacementMaxCoverageGaussianTime,RandomDroneRoutingStrategy,0016,01673,11,drone,4.872031833814538e-06,1341,0.4189629962883816,0.2943051025381472,76139
SensorPlacementMaxCoverageGaussianTime,RandomDroneRoutingStrategy,0016,02466,9,drone,4.6581710788612835e-06,93,0.0290555992951673,0.3527287269273547,90227
SensorPlacementMaxCoverageGaussianTime,RandomDroneRoutingStrategy,0016,01228,2,drone,4.352361031708251e-06,243,0.0759194691260825,0.2968045089291293,69344
SensorPlacementMaxCoverageGaussianTime,RandomDroneRoutingStrategy,0016,01210,15,drone,4.858231472026976e-06,714,0.2230720203951561,0.3461677851510266,75390
SensorPlacementMaxCoverageGaussianTime,RandomDroneRoutingStrategy,0016,02468,2,drone,4.639253207958615e-06,162,0.0506129794173883,0.1783951311563503,32135
SensorPlacementMaxCoverageGaussianTime,RandomDroneRoutingStrategy,0016,01013,53,drone,4.6763049768354945e-06,1195,0.3733488296529574,1.132543520913783,325327
SensorPlacementMaxCoverageGaussianTime,RandomDroneRoutingStrategy,0016,01221,3,drone,4.74019030646799e-06,18,0.0056236643797098,0.3417938239668079,74614
SensorPlacementMaxCoverageGaussianTime,RandomDroneRoutingStrategy,0016,00909,7,drone,5.2912129377332985e-06,183,0.0571739211937164,0.2561891550756695,50781
SensorPlacementMaxCoverageGaussianTime,RandomDroneRoutingStrategy,0016,02034,0,drone,4.104999680593224e-06,2,0.0006248515977455,0.0937277396618303,14659
SensorPlacementMaxCoverageGaussianTime,RandomDroneRoutingStrategy,0016,00551,35,drone,4.7323838719781835e-06,63,0.0196828253289843,0.7529461752833702,185009
SensorPlacementMaxCoverageGaussianTime,RandomDroneRoutingStrategy,0016,01832,0,drone,4.46183340890067e-06,14,0.0043739611842187,0.0503005536185156,7267
SensorPlacementMaxCoverageGaussianTime,RandomDroneRoutingStrategy,0016,00914,0,drone,4.1649076673719615e-06,8,0.0024994063909821,0.2186980592109374,36041
SensorPlacementMaxCoverageGaussianTime,RandomDroneRoutingStrategy,0016,01667,4,drone,5.180771286423142e-06,349,0.1090366038065959,0.1924542921056249,33454
SensorPlacementMaxCoverageGaussianTime,RandomDroneRoutingStrategy,0016,00913,6,drone,4.819383751459657e-06,128,0.0399905022557142,0.2899311413539284,51978
SensorPlacementMaxCoverageGaussianTime,RandomDroneRoutingStrategy,0016,01835,0,drone,4.658554539535985e-06,9,0.0028118321898549,0.1671478023969307,39754
SensorPlacementMaxCoverageGaussianTime,RandomDroneRoutingStrategy,0016,02475,9,drone,4.88833061554147e-06,392,0.1224709131581249,0.2255714267861383,51248
SensorPlacementMaxCoverageGaussianTime,RandomDroneRoutingStrategy,0016,02018,4,drone,5.279832026537727e-06,154,0.0481135730264062,0.2096377110436271,42762
SensorPlacementMaxCoverageGaussianTime,RandomDroneRoutingStrategy,0016,01464,2,drone,4.917311033382832e-06,77,0.0240567865132031,0.3542908559217186,65838
SensorPlacementMaxCoverageGaussianTime,RandomDroneRoutingStrategy,0016,01497,3,drone,4.914864687852456e-06,86,0.026868618703058,0.2158862270210824,45022
SensorPlacementMaxCoverageGaussianTime,RandomDroneRoutingStrategy,0016,02080,24,drone,5.057567451357574e-06,4242,1.3253102388182807,0.6704657643809595,174706
SensorPlacementMaxCoverageGaussianTime,RandomDroneRoutingStrategy,0016,00723,5,drone,4.5302491750776395e-06,29,0.0090603481673102,0.3096139666829128,63967
SensorPlacementMaxCoverageGaussianTime,RandomDroneRoutingStrategy,0016,02279,14,drone,4.997174746393611e-06,953,0.2977417863257476,0.4002174483560154,86720
SensorPlacementMaxCoverageGaussianTime,RandomDroneRoutingStrategy,0016,00724,59,drone,4.880736319071938e-06,5702,1.7814519051725215,1.007573201364676,297187
SensorPlacementMaxCoverageGaussianTime,RandomDroneRoutingStrategy,0016,01054,2,drone,4.639033398597069e-06,22,0.0068733675752008,0.1359052225096539,23792
SensorPlacementMaxCoverageGaussianTime,RandomDroneRoutingStrategy,0016,02428,1,drone,4.268128033642355e-06,9,0.0028118321898549,0.1827690923405691,34131
SensorPlacementMaxCoverageGaussianTime,RandomDroneRoutingStrategy,0016,02613,0,drone,1.6065204844755283e-05,55,0.0171834189380022,0.2058886014571539,34894
SensorPlacementMaxCoverageGaussianTime,RandomDroneRoutingStrategy,0016,00520,61,drone,4.704937229592412e-06,1947,0.6082930304052787,1.0453767230282809,364620
SensorPlacementMaxCoverageGaussianTime,RandomDroneRoutingStrategy,0016,02283,1,drone,4.7291649712456595e-06,73,0.022807083317712,0.1205963583648883,18378
SensorPlacementMaxCoverageGaussianTime,RandomDroneRoutingStrategy,0016,00715,61,drone,5.175323449364004e-06,11296,3.5291618240667844,1.1234831727464727,325577
SensorPlacementMaxCoverageGaussianTime,RandomDroneRoutingStrategy,0016,02614,0,drone,4.580178236598291e-06,33,0.0103100513628013,0.1843312213349329,30653
SensorPlacementMaxCoverageGaussianTime,RandomDroneRoutingStrategy,0016,00544,23,drone,4.700811491854627e-06,447,0.1396543320961271,0.5733013409315287,154235
SensorPlacementMaxCoverageGaussianTime,RandomDroneRoutingStrategy,0016,00588,26,drone,4.65506172831148e-06,4962,1.5502568140066737,0.7038953248603457,185513
SensorPlacementMaxCoverageGaussianTime,RandomDroneRoutingStrategy,0016,01465,0,drone,4.316219964783595e-06,21,0.0065609417763281,0.2565015808745423,59488
SensorPlacementMaxCoverageGaussianTime,RandomDroneRoutingStrategy,0016,00543,13,drone,4.8345989651150175e-06,237,0.0740449143328459,0.3258601082242967,75929
SensorPlacementMaxCoverageGaussianTime,RandomDroneRoutingStrategy,0016,01834,0,drone,4.467563094379746e-06,1,0.0003124257988727,0.0899786300753571,16681
SensorPlacementMaxCoverageGaussianTime,RandomDroneRoutingStrategy,0016,01833,2,drone,4.576785223824638e-06,81,0.0253064897086941,0.3071145602919307,67502
SensorPlacementMaxCoverageGaussianTime,RandomDroneRoutingStrategy,0016,02641,6,drone,4.439495490079466e-06,303,0.0946650170584486,0.3949062097751784,84457
SensorPlacementMaxCoverageGaussianTime,RandomDroneRoutingStrategy,0016,00586,5,drone,4.591280325299742e-06,138,0.0431147602444419,0.1752708731676227,27275
SensorPlacementMaxCoverageGaussianTime,RandomDroneRoutingStrategy,0016,00714,19,drone,4.754014258837178e-06,659,0.2058886014571539,0.4727002336944975,126061
SensorPlacementMaxCoverageGaussianTime,RandomDroneRoutingStrategy,0016,01256,8,drone,4.601757428799457e-06,493,0.1540259188442745,0.34429323035779,80394
SensorPlacementMaxCoverageGaussianTime,RandomDroneRoutingStrategy,0016,01635,2,drone,4.6566649750396085e-06,1,0.0003124257988727,0.0796685787125557,11382
SensorPlacementMaxCoverageGaussianTime,RandomDroneRoutingStrategy,0016,02612,2,drone,4.9841665003421536e-06,394,0.1230957647558704,0.0727952111373548,10760
SensorPlacementMaxCoverageGaussianTime,RandomDroneRoutingStrategy,0016,00713,11,drone,4.538870564462773e-06,245,0.0765443207238281,0.410215073919944,111640
SensorPlacementMaxCoverageGaussianTime,RandomDroneRoutingStrategy,0016,01438,1,drone,4.338629451798804e-06,42,0.0131218835526562,0.158712305827366,25607
SensorPlacementMaxCoverageGaussianTime,RandomDroneRoutingStrategy,0016,02086,0,drone,4.730923637669748e-06,1,0.0003124257988727,0.1852684987315512,29084
SensorPlacementMaxCoverageGaussianTime,RandomDroneRoutingStrategy,0016,02429,0,drone,4.666461793602614e-06,2,0.0006248515977455,0.2037016208650445,30395
SensorPlacementMaxCoverageGaussianTime,RandomDroneRoutingStrategy,0016,02081,0,drone,4.523050015116057e-06,4,0.001249703195491,0.220572614004174,36095
SensorPlacementMaxCoverageGaussianTime,RandomDroneRoutingStrategy,0016,01409,3,drone,4.7347191988566274e-06,102,0.0318674314850223,0.1993276596808258,32872
SensorPlacementMaxCoverageGaussianTime,RandomDroneRoutingStrategy,0016,02563,0,drone,4.483176883457346e-06,5,0.0015621289943638,0.2818080705832365,53126
SensorPlacementMaxCoverageGaussianTime,RandomDroneRoutingStrategy,0016,00006,24,drone,5.2018354168046e-06,2123,0.6632799710068858,0.6389107586948101,138411
SensorPlacementMaxCoverageGaussianTime,RandomDroneRoutingStrategy,0016,00001,9,drone,4.750062308844819e-06,174,0.0543620890038615,0.2318199427635936,47008
SensorPlacementMaxCoverageGaussianTime,RandomDroneRoutingStrategy,0016,00465,20,drone,5.409628983252558e-06,1745,0.5451830190329796,0.4639523113260601,101535
SensorPlacementMaxCoverageGaussianTime,RandomDroneRoutingStrategy,0016,00491,17,drone,5.0192894137148196e-06,4890,1.527762156487834,0.4702008273035154,100707
SensorPlacementMaxCoverageGaussianTime,RandomDroneRoutingStrategy,0016,01740,4,drone,4.6960131049676755e-06,17,0.005311238580837,0.2302578137692298,37211
SensorPlacementMaxCoverageGaussianTime,RandomDroneRoutingStrategy,0016,02555,7,drone,5.239644213253548e-06,505,0.1577750284307477,0.2268211299816293,43593
SensorPlacementMaxCoverageGaussianTime,RandomDroneRoutingStrategy,0016,02303,8,drone,4.771129637573556e-06,297,0.092790462265212,0.290555992951674,61857
SensorPlacementMaxCoverageGaussianTime,RandomDroneRoutingStrategy,0016,02733,3,drone,4.417017886513158e-06,264,0.0824804109024106,0.1418413126882365,22765
SensorPlacementMaxCoverageGaussianTime,RandomDroneRoutingStrategy,0016,00256,15,drone,4.859804713686701e-06,2351,0.7345130531498769,0.5230007873130131,119103
SensorPlacementMaxCoverageGaussianTime,RandomDroneRoutingStrategy,0016,01384,0,drone,4.282991738583444e-06,8,0.0024994063909821,0.2430672715230133,48779
SensorPlacementMaxCoverageGaussianTime,RandomDroneRoutingStrategy,0016,02734,4,drone,4.849992356858812e-06,460,0.1437158674814731,0.295867231532511,52872
SensorPlacementMaxCoverageGaussianTime,RandomDroneRoutingStrategy,0016,02530,2,drone,4.717115470563161e-06,70,0.0218698059210937,0.1299691323310713,24379
SensorPlacementMaxCoverageGaussianTime,RandomDroneRoutingStrategy,0016,00431,28,drone,5.094449814051798e-06,449,0.1402791836938727,0.5383096514577788,144231
SensorPlacementMaxCoverageGaussianTime,RandomDroneRoutingStrategy,0016,00293,21,drone,4.707013859468348e-06,630,0.1968282532898436,0.5329984128769417,148713
SensorPlacementMaxCoverageGaussianTime,RandomDroneRoutingStrategy,0016,02395,3,drone,4.715331325446981e-06,56,0.0174958447368749,0.207138304652645,36635
SensorPlacementMaxCoverageGaussianTime,RandomDroneRoutingStrategy,0016,02361,5,drone,4.459813583728879e-06,858,0.2680613354328347,0.3071145602919307,68178
SensorPlacementMaxCoverageGaussianTime,RandomDroneRoutingStrategy,0016,00052,0,drone,4.22310613073251e-06,1,0.0003124257988727,0.1612117122183481,25350
SensorPlacementMaxCoverageGaussianTime,RandomDroneRoutingStrategy,0016,00099,60,undetected,4.8117302442624185e-06,307,0.0959147202539396,1.090678463864832,348332
SensorPlacementMaxCoverageGaussianTime,RandomDroneRoutingStrategy,0016,01983,2,drone,4.512633569826483e-06,4,0.001249703195491,0.2814956447843637,50515
SensorPlacementMaxCoverageGaussianTime,RandomDroneRoutingStrategy,0016,02933,5,drone,4.5579717260449965e-06,106,0.0331171346805133,0.3486671915420087,72687
SensorPlacementMaxCoverageGaussianTime,RandomDroneRoutingStrategy,0016,02302,1,drone,4.576600116232167e-06,19,0.0059360901785825,0.1662105250003124,29346
SensorPlacementMaxCoverageGaussianTime,RandomDroneRoutingStrategy,0016,00490,14,drone,4.952437663714348e-06,3192,0.9972631500018746,0.3408565465701896,95574
SensorPlacementMaxCoverageGaussianTime,RandomDroneRoutingStrategy,0016,01542,0,drone,4.298298071462212e-06,9,0.0028118321898549,0.0765443207238281,10904
SensorPlacementMaxCoverageGaussianTime,RandomDroneRoutingStrategy,0016,00007,17,drone,5.025636874005237e-06,2596,0.811057373873705,0.4876966720403904,123413
SensorPlacementMaxCoverageGaussianTime,RandomDroneRoutingStrategy,0016,02152,28,drone,4.977110988837628e-06,514,0.1605868606206026,0.5214386583186493,151335
SensorPlacementMaxCoverageGaussianTime,RandomDroneRoutingStrategy,0016,00053,14,drone,4.866907623637244e-06,1704,0.5323735612791962,0.4317724540421649,97604
SensorPlacementMaxCoverageGaussianTime,RandomDroneRoutingStrategy,0016,00850,12,drone,4.8603787518187655e-06,998,0.3118009472750221,0.4286481960534373,94624
SensorPlacementMaxCoverageGaussianTime,RandomDroneRoutingStrategy,0016,02393,4,drone,5.426586315196048e-06,21,0.0065609417763281,0.1527762156487834,29691
SensorPlacementMaxCoverageGaussianTime,RandomDroneRoutingStrategy,0016,01186,0,drone,4.629811686361003e-06,3,0.0009372773966183,0.2102625626413726,39296
SensorPlacementMaxCoverageGaussianTime,RandomDroneRoutingStrategy,0016,00430,17,drone,4.936305012670703e-06,267,0.0834176882990289,0.4861345430460266,128315
SensorPlacementMaxCoverageGaussianTime,RandomDroneRoutingStrategy,0016,01971,0,drone,4.578290916070706e-06,22,0.0068733675752008,0.2415051425286494,50953
SensorPlacementMaxCoverageGaussianTime,RandomDroneRoutingStrategy,0016,02735,4,drone,5.058834334742003e-06,30,0.009372773966183,0.2468163811094865,53782
SensorPlacementMaxCoverageGaussianTime,RandomDroneRoutingStrategy,0016,00257,6,drone,4.6006900327214935e-06,692,0.2161986528199552,0.3855334358089953,82177
SensorPlacementMaxCoverageGaussianTime,RandomDroneRoutingStrategy,0016,02315,52,drone,4.743329958304667e-06,1636,0.511128606955848,0.8182431672477786,266766
SensorPlacementMaxCoverageGaussianTime,RandomDroneRoutingStrategy,0016,01590,1,drone,4.508136923796211e-06,7,0.0021869805921093,0.0812307077069196,12275
SensorPlacementMaxCoverageGaussianTime,RandomDroneRoutingStrategy,0016,03037,7,drone,4.927178362866382e-06,541,0.1690223571901673,0.4095902223221984,90170
SensorPlacementMaxCoverageGaussianTime,RandomDroneRoutingStrategy,0016,00487,21,drone,4.715841431246935e-06,4534,1.4165385720891288,0.5230007873130131,115787
SensorPlacementMaxCoverageGaussianTime,RandomDroneRoutingStrategy,0016,00840,21,drone,4.790715775108144e-06,15,0.0046863869830915,0.5829865406965845,156494
SensorPlacementMaxCoverageGaussianTime,RandomDroneRoutingStrategy,0016,01501,7,drone,4.565207880541197e-06,215,0.067171546757645,0.4202126994838726,93168
SensorPlacementMaxCoverageGaussianTime,RandomDroneRoutingStrategy,0016,01350,7,drone,5.154557280488067e-06,273,0.0852922430922655,0.2074507304515177,35902
SensorPlacementMaxCoverageGaussianTime,RandomDroneRoutingStrategy,0016,01366,13,drone,4.928433493282018e-06,669,0.2090128594458816,0.3152376310626226,82835
SensorPlacementMaxCoverageGaussianTime,RandomDroneRoutingStrategy,0016,00849,11,drone,5.061756980522222e-06,410,0.1280945775378347,0.2658743548407253,54444
SensorPlacementMaxCoverageGaussianTime,RandomDroneRoutingStrategy,0016,02722,11,drone,4.812883205168237e-06,2392,0.7473225109036603,0.4408328022094753,109652
SensorPlacementMaxCoverageGaussianTime,RandomDroneRoutingStrategy,0016,02741,0,drone,4.246442214302395e-06,8,0.0024994063909821,0.2171359302165735,36299
SensorPlacementMaxCoverageGaussianTime,RandomDroneRoutingStrategy,0016,01792,31,drone,4.6799085798306706e-06,5922,1.8501855809245304,0.5898599082717855,188056
SensorPlacementMaxCoverageGaussianTime,RandomDroneRoutingStrategy,0016,00472,11,drone,4.548454005407554e-06,849,0.2652495032429798,0.4945700396155912,108468
SensorPlacementMaxCoverageGaussianTime,RandomDroneRoutingStrategy,0016,01591,11,drone,4.63524681120995e-06,555,0.1733963183743861,0.348354765743136,80760
SensorPlacementMaxCoverageGaussianTime,RandomDroneRoutingStrategy,0016,00824,10,drone,4.7480748811996755e-06,6,0.0018745547932366,0.2630625226508704,69605
SensorPlacementMaxCoverageGaussianTime,RandomDroneRoutingStrategy,0016,01562,3,drone,5.2362272184189054e-06,22,0.0068733675752008,0.1437158674814731,22919
SensorPlacementMaxCoverageGaussianTime,RandomDroneRoutingStrategy,0016,00823,16,drone,4.924773059707304e-06,20,0.0062485159774553,0.5433084642397431,135373
SensorPlacementMaxCoverageGaussianTime,RandomDroneRoutingStrategy,0016,02949,3,drone,4.486514421230024e-06,398,0.1243454679513615,0.2568140066734151,38463
SensorPlacementMaxCoverageGaussianTime,RandomDroneRoutingStrategy,0016,02181,3,drone,4.4278444222749644e-06,14,0.0043739611842187,0.1699596345867856,38190
SensorPlacementMaxCoverageGaussianTime,RandomDroneRoutingStrategy,0016,02529,9,drone,5.030015106433421e-06,1987,0.6207900623601894,0.2927429735437833,52144
SensorPlacementMaxCoverageGaussianTime,RandomDroneRoutingStrategy,0016,01969,2,drone,4.549728375729e-06,115,0.0359289668703682,0.3105512440795311,67436
SensorPlacementMaxCoverageGaussianTime,RandomDroneRoutingStrategy,0016,01367,7,drone,4.564848623183816e-06,104,0.0324922830827678,0.3480423399442632,88141
SensorPlacementMaxCoverageGaussianTime,RandomDroneRoutingStrategy,0016,01475,6,drone,4.672186469343165e-06,56,0.0174958447368749,0.3908446743898324,87079
SensorPlacementMaxCoverageGaussianTime,RandomDroneRoutingStrategy,0016,01018,0,drone,4.637601455179042e-06,3,0.0009372773966183,0.2221347429985378,49489
SensorPlacementMaxCoverageGaussianTime,RandomDroneRoutingStrategy,0016,01676,24,drone,5.728873463703868e-06,4573,1.4287231782451666,0.5386220772566516,136847
SensorPlacementMaxCoverageGaussianTime,RandomDroneRoutingStrategy,0016,00905,4,drone,4.672001455431786e-06,17,0.005311238580837,0.3071145602919307,66663
SensorPlacementMaxCoverageGaussianTime,RandomDroneRoutingStrategy,0016,00199,17,drone,4.696499637483685e-06,263,0.0821679851035379,0.6401604618903011,131609
SensorPlacementMaxCoverageGaussianTime,RandomDroneRoutingStrategy,0016,01877,0,drone,4.523205307294738e-06,33,0.0103100513628013,0.0552993664004798,8510
SensorPlacementMaxCoverageGaussianTime,RandomDroneRoutingStrategy,0016,02857,9,drone,4.473376039124692e-06,732,0.2286956847748659,0.4133393319086717,104699
SensorPlacementMaxCoverageGaussianTime,RandomDroneRoutingStrategy,0016,01283,9,drone,5.264255954542764e-06,241,0.075294617528337,0.2633749484497432,57188
SensorPlacementMaxCoverageGaussianTime,RandomDroneRoutingStrategy,0016,00197,0,drone,4.52782426561628e-06,3,0.0009372773966183,0.0646721403666629,8800
SensorPlacementMaxCoverageGaussianTime,RandomDroneRoutingStrategy,0016,02859,4,drone,4.516178820313526e-06,113,0.0353041152726227,0.4199002736849998,74684
SensorPlacementMaxCoverageGaussianTime,RandomDroneRoutingStrategy,0016,00732,29,drone,4.8190394156603955e-06,137,0.0428023344455691,0.6888988865144529,183491
SensorPlacementMaxCoverageGaussianTime,RandomDroneRoutingStrategy,0016,01284,4,drone,4.34462763682133e-06,222,0.0693585273497544,0.2861820317674552,73464
SensorPlacementMaxCoverageGaussianTime,RandomDroneRoutingStrategy,0016,02465,5,drone,4.948882801049518e-06,20,0.0062485159774553,0.2468163811094865,47430
SensorPlacementMaxCoverageGaussianTime,RandomDroneRoutingStrategy,0016,01222,9,drone,4.4499933263244165e-06,70,0.0218698059210937,0.4414576538072208,102452
SensorPlacementMaxCoverageGaussianTime,RandomDroneRoutingStrategy,0016,02834,26,drone,4.7920010403163715e-06,4498,1.4052912433297091,0.5879853534785489,141531
SensorPlacementMaxCoverageGaussianTime,RandomDroneRoutingStrategy,0016,01487,3,drone,4.478074886180737e-06,22,0.0068733675752008,0.3249228308276784,67262
SensorPlacementMaxCoverageGaussianTime,RandomDroneRoutingStrategy,0016,01017,2,drone,4.676912651687372e-06,7,0.0021869805921093,0.3189867406490958,71007
SensorPlacementMaxCoverageGaussianTime,RandomDroneRoutingStrategy,0016,01473,6,drone,4.439961676504097e-06,63,0.0196828253289843,0.3949062097751784,82235
SensorPlacementMaxCoverageGaussianTime,RandomDroneRoutingStrategy,0016,02833,1,drone,4.459997850977732e-06,4,0.001249703195491,0.0831052625001562,13531
SensorPlacementMaxCoverageGaussianTime,RandomDroneRoutingStrategy,0016,02858,16,drone,4.891601604228685e-06,1660,0.5186268261287944,0.3436683787600444,84981
SensorPlacementMaxCoverageGaussianTime,RandomDroneRoutingStrategy,0016,01285,3,drone,4.759622276376147e-06,33,0.0103100513628013,0.1808945375473325,34101
SensorPlacementMaxCoverageGaussianTime,RandomDroneRoutingStrategy,0016,02293,3,drone,5.068143926409513e-06,5,0.0015621289943638,0.1865182019270423,35546
SensorPlacementMaxCoverageGaussianTime,RandomDroneRoutingStrategy,0016,00198,0,drone,4.638755132281591e-06,2,0.0006248515977455,0.3158624826603682,58746
SensorPlacementMaxCoverageGaussianTime,RandomDroneRoutingStrategy,0016,00515,11,drone,4.890277914332049e-06,98,0.0306177282895312,0.291805696147165,68550
SensorPlacementMaxCoverageGaussianTime,RandomDroneRoutingStrategy,0016,02084,0,drone,4.151024414827831e-06,1,0.0003124257988727,0.1487146802634374,24482
SensorPlacementMaxCoverageGaussianTime,RandomDroneRoutingStrategy,0016,02083,3,drone,4.808727510787862e-06,84,0.0262437671053124,0.1912045889101338,34708
SensorPlacementMaxCoverageGaussianTime,RandomDroneRoutingStrategy,0016,02245,1,drone,4.4626348158892466e-06,48,0.0149964383458928,0.0946650170584486,13361
SensorPlacementMaxCoverageGaussianTime,RandomDroneRoutingStrategy,0016,01254,10,drone,4.506233410957532e-06,1248,0.3899073969932141,0.2989914895212387,76569
SensorPlacementMaxCoverageGaussianTime,RandomDroneRoutingStrategy,0016,02628,7,drone,4.540495321053226e-06,153,0.0478011472275334,0.2318199427635936,45608
SensorPlacementMaxCoverageGaussianTime,RandomDroneRoutingStrategy,0016,01637,1,drone,4.71171766224474e-06,74,0.0231195091165848,0.1952661242954798,31893
SensorPlacementMaxCoverageGaussianTime,RandomDroneRoutingStrategy,0016,02280,0,drone,4.514384056022928e-06,2,0.0006248515977455,0.2465039553106137,61925
SensorPlacementMaxCoverageGaussianTime,RandomDroneRoutingStrategy,0016,01253,1,drone,4.549488231012497e-06,49,0.0153088641447656,0.221822317199665,42289
SensorPlacementMaxCoverageGaussianTime,RandomDroneRoutingStrategy,0016,02079,0,drone,4.464592146353558e-06,17,0.005311238580837,0.2902435671528012,49949
SensorPlacementMaxCoverageGaussianTime,RandomDroneRoutingStrategy,0016,01862,6,drone,5.633119613893571e-06,231,0.0721703595396093,0.203076769267299,39033
SensorPlacementMaxCoverageGaussianTime,RandomDroneRoutingStrategy,0016,00548,42,drone,4.80787929568425e-06,3825,1.1950286806883366,0.8569839663080019,259720
SensorPlacementMaxCoverageGaussianTime,RandomDroneRoutingStrategy,0016,00910,2,drone,4.436427015599197e-06,34,0.0106224771616741,0.1924542921056249,39325
SensorPlacementMaxCoverageGaussianTime,RandomDroneRoutingStrategy,0016,01836,7,drone,4.611435202587763e-06,109,0.0340544120771316,0.4117772029143078,89512
SensorPlacementMaxCoverageGaussianTime,RandomDroneRoutingStrategy,0016,02476,8,drone,4.911259429095543e-06,334,0.1043502168235044,0.2605631162598882,45713
SensorPlacementMaxCoverageGaussianTime,RandomDroneRoutingStrategy,0016,01831,0,drone,4.704758815806755e-06,33,0.0103100513628013,0.2243217235906472,36922
SensorPlacementMaxCoverageGaussianTime,RandomDroneRoutingStrategy,0016,01209,37,drone,1.0130100680473156e-05,1792,0.5598670315799997,0.7257651307814394,220312
SensorPlacementMaxCoverageGaussianTime,RandomDroneRoutingStrategy,0016,02478,5,drone,4.766223666904209e-06,219,0.0684212499531361,0.2577512840700334,44557
SensorPlacementMaxCoverageGaussianTime,RandomDroneRoutingStrategy,0016,01838,0,drone,4.282811792885385e-06,6,0.0018745547932366,0.162773841212712,26171
SensorPlacementMaxCoverageGaussianTime,RandomDroneRoutingStrategy,0016,01636,2,drone,4.550605822520651e-06,6,0.0018745547932366,0.2849323285719641,62307
SensorPlacementMaxCoverageGaussianTime,RandomDroneRoutingStrategy,0016,01863,2,drone,4.4645432418593e-06,161,0.0503005536185156,0.2477536585061048,57609
SensorPlacementMaxCoverageGaussianTime,RandomDroneRoutingStrategy,0016,01255,0,drone,4.235791488432548e-06,9,0.0028118321898549,0.1593371574251115,27351
SensorPlacementMaxCoverageGaussianTime,RandomDroneRoutingStrategy,0016,00513,17,drone,4.650126248999747e-06,184,0.0574863469925892,0.3983428935627788,88851
SensorPlacementMaxCoverageGaussianTime,RandomDroneRoutingStrategy,0016,00148,4,drone,4.423529567778674e-06,361,0.1127857133930691,0.2221347429985378,50376
SensorPlacementMaxCoverageGaussianTime,RandomDroneRoutingStrategy,0016,02243,2,drone,4.281836040949418e-06,149,0.0465514440320423,0.1999525112785713,46249
SensorPlacementMaxCoverageGaussianTime,RandomDroneRoutingStrategy,0016,01290,2,drone,4.347083494835293e-06,7,0.0021869805921093,0.1999525112785713,37200
SensorPlacementMaxCoverageGaussianTime,RandomDroneRoutingStrategy,0016,01002,4,drone,4.565014558679918e-06,10,0.0031242579887276,0.2161986528199552,53478
SensorPlacementMaxCoverageGaussianTime,RandomDroneRoutingStrategy,0016,01230,0,drone,4.4749778451271425e-06,23,0.0071857933740736,0.1740211699721316,31271
SensorPlacementMaxCoverageGaussianTime,RandomDroneRoutingStrategy,0016,01830,2,drone,4.718921802662037e-06,28,0.0087479223684374,0.145277996475837,21759
SensorPlacementMaxCoverageGaussianTime,RandomDroneRoutingStrategy,0016,01665,0,drone,5.173255335448422e-06,3,0.0009372773966183,0.2183856334120646,47383
SensorPlacementMaxCoverageGaussianTime,RandomDroneRoutingStrategy,0016,02477,7,drone,4.657640759517928e-06,241,0.075294617528337,0.3739736812507029,92401
SensorPlacementMaxCoverageGaussianTime,RandomDroneRoutingStrategy,0016,00897,5,drone,4.659697066905886e-06,25,0.0078106449718191,0.3961559129706695,84785
SensorPlacementMaxCoverageGaussianTime,RandomDroneRoutingStrategy,0016,02192,0,drone,4.289665939665887e-06,5,0.0015621289943638,0.2037016208650445,50738
SensorPlacementMaxCoverageGaussianTime,RandomDroneRoutingStrategy,0016,01513,0,drone,4.525527600069333e-06,11,0.0034366837876004,0.1674602281958035,33193
SensorPlacementMaxCoverageGaussianTime,RandomDroneRoutingStrategy,0016,01184,7,drone,5.06798527292254e-06,86,0.026868618703058,0.290555992951674,61268
SensorPlacementMaxCoverageGaussianTime,RandomDroneRoutingStrategy,0016,02533,2,drone,4.34629487485852e-06,38,0.0118721803571651,0.115597545582924,23070
SensorPlacementMaxCoverageGaussianTime,RandomDroneRoutingStrategy,0016,02558,13,drone,4.857397903453847e-06,243,0.0759194691260825,0.4658268661192967,104215
SensorPlacementMaxCoverageGaussianTime,RandomDroneRoutingStrategy,0016,01540,0,drone,4.038810729980469e-06,39,0.0121846061560379,0.1015383846336495,15419
SensorPlacementMaxCoverageGaussianTime,RandomDroneRoutingStrategy,0016,00698,10,drone,5.0865809122721355e-06,212,0.0662342693610267,0.2952423799347655,58843
SensorPlacementMaxCoverageGaussianTime,RandomDroneRoutingStrategy,0016,01547,35,drone,4.624927682137499e-06,376,0.1174721003761606,0.867606443469676,209743
SensorPlacementMaxCoverageGaussianTime,RandomDroneRoutingStrategy,0016,00839,8,drone,4.705179620672155e-06,148,0.0462390182331696,0.3033654507054574,67555
SensorPlacementMaxCoverageGaussianTime,RandomDroneRoutingStrategy,0016,00005,8,drone,4.625011301890764e-06,708,0.2211974656019195,0.4945700396155912,97906
SensorPlacementMaxCoverageGaussianTime,RandomDroneRoutingStrategy,0016,00468,4,drone,4.819662576589742e-06,94,0.0293680250940401,0.1474649770679463,33459
SensorPlacementMaxCoverageGaussianTime,RandomDroneRoutingStrategy,0016,02931,5,drone,4.950165748596191e-06,264,0.0824804109024106,0.1459028480735825,25123
SensorPlacementMaxCoverageGaussianTime,RandomDroneRoutingStrategy,0016,01743,2,drone,4.41344891662136e-06,22,0.0068733675752008,0.221822317199665,51991
SensorPlacementMaxCoverageGaussianTime,RandomDroneRoutingStrategy,0016,02532,0,drone,4.289306212808484e-06,10,0.0031242579887276,0.061860308176808,8718
SensorPlacementMaxCoverageGaussianTime,RandomDroneRoutingStrategy,0016,01512,9,drone,4.914061354083035e-06,125,0.0390532248590959,0.4220872542771091,99253
SensorPlacementMaxCoverageGaussianTime,RandomDroneRoutingStrategy,0016,00896,5,drone,4.613740776039418e-06,25,0.0078106449718191,0.3417938239668079,79469
SensorPlacementMaxCoverageGaussianTime,RandomDroneRoutingStrategy,0016,01548,0,drone,4.1871083443271765e-06,3,0.0009372773966183,0.1474649770679463,30071
SensorPlacementMaxCoverageGaussianTime,RandomDroneRoutingStrategy,0016,01583,14,drone,4.845946582395639e-06,1531,0.4783238980742074,0.3492920431397543,79390
SensorPlacementMaxCoverageGaussianTime,RandomDroneRoutingStrategy,0016,01789,11,drone,4.928799312801998e-06,1277,0.3989677451605244,0.3877204164011047,102539
SensorPlacementMaxCoverageGaussianTime,RandomDroneRoutingStrategy,0016,00838,7,drone,4.601149517140694e-06,39,0.0121846061560379,0.2355690523500668,61831
SensorPlacementMaxCoverageGaussianTime,RandomDroneRoutingStrategy,0016,01310,6,drone,4.632942569925034e-06,339,0.1059123458178682,0.3421062497656806,81791
SensorPlacementMaxCoverageGaussianTime,RandomDroneRoutingStrategy,0016,01541,3,drone,4.712571489050033e-06,142,0.044364463439933,0.3339831789949887,57837
SensorPlacementMaxCoverageGaussianTime,RandomDroneRoutingStrategy,0016,00467,0,drone,4.5960348313253584e-06,2,0.0006248515977455,0.2764968320023994,64003
SensorPlacementMaxCoverageGaussianTime,RandomDroneRoutingStrategy,0264,00356,4,drone,5.689408552342391e-06,6,0.0043552742371011,0.4493191254609331,34112
